{"config":
    {
    "run_name": "CMS-TOP-17-014",
    "data":
        {
        "observable":"$\\delta\\phi(ll)$",
        "bins": [0.0, 0.4, 0.78, 1.14, 1.48, 1.8, 2.1, 2.38, 2.64, 2.89, 3.142],
        "central_values": [2.19133, 2.79311, 3.14148, 3.38084, 3.68771, 3.98029, 4.23519, 4.44925, 4.7492, 4.7239],
        "covariance_matrix": [
             [ 0.0198799, 0.0238427, 0.0259076, 0.0274055, 0.030222, 0.0331962, 0.0347629, 0.0356753, 0.0384769, 0.0394544 ],
                [ 0.0238427, 0.0323785, 0.0332834, 0.0343638, 0.0381311, 0.0419418, 0.0460296, 0.046822, 0.0504715, 0.0512206],
                [ 0.0259076, 0.0332834, 0.0390252, 0.0389052, 0.0427434, 0.0467363, 0.0506575, 0.0519533, 0.0554113, 0.0572106],
                [ 0.0274055, 0.0343638, 0.0389052, 0.042457, 0.0448389, 0.0495619, 0.0525486, 0.0529924, 0.0571819, 0.0592492],
                [ 0.030222, 0.0381311, 0.0427434, 0.0448389, 0.051485, 0.0547312, 0.0581322, 0.0588574, 0.0646179, 0.0654483],
                [ 0.0331962, 0.0419418, 0.0467363, 0.0495619, 0.0547312, 0.0616911, 0.06465, 0.0650802, 0.0707729, 0.0719388],
                [ 0.0347629, 0.0460296, 0.0506575, 0.0525486, 0.0581322, 0.06465, 0.0731595, 0.0717913, 0.0770829, 0.0777268],
                [ 0.0356753, 0.046822, 0.0519533, 0.0529924, 0.0588574, 0.0650802, 0.0717913, 0.0752029, 0.0786111, 0.079836],
                [ 0.0384769, 0.0504715, 0.0554113, 0.0571819, 0.0646179, 0.0707729, 0.0770829, 0.0786111, 0.0887479, 0.0876647],
                [ 0.0394544, 0.0512206, 0.0572106, 0.0592492, 0.0654483, 0.0719388, 0.0777268, 0.079836, 0.0876647, 0.0915533 ]
        ]
        },
    "model":
        {
        "predictions":
            {
             "SM": [2.0866, 2.6379, 3.0165, 3.2319, 3.5100, 3.7882, 4.1034, 4.3360, 4.5570, 4.5780],
             "ctg-": [0.9784, 1.2535, 1.4452, 1.6530, 1.9210, 2.2517, 2.5838, 2.9345, 3.221, 3.3929],
             "ctg+": [3.9192, 5.0922, 5.7026, 6.1018, 6.5747, 7.0936, 7.5085, 7.7923, 8.0505, 8.1539]
            },
        "prior_limits":
            {
            "ctg": [-3.0,3.0]
            },
        "max_coeff_power":1,
        "c_i_benchmark":2,
        "cross_terms":"false",
        "inclusive_k_factor":1
        },
     "fit":
        {
            "n_walkers": 200,
            "n_burnin": 500,
            "n_total":  5000
        }
    }
}
