{"config":
    {
    "run_name": "CMS-TOP-17-014",
    "data":
        {
        "observable":"$\\delta\\phi(ll)$",
        "bins": [0.0, 0.4, 0.78, 1.14, 1.48, 1.8, 2.1, 2.38, 2.64, 2.89, 3.142],
        "central_values": [2.19133, 2.79311, 3.14148, 3.38084, 3.68771, 3.98029, 4.23519, 4.44925, 4.7492, 4.7239],
        "covariance_matrix": [
            [ 780.979301195, -285.484946368, -27.6706237044, -129.048098397, -126.051019674, -174.558924068, 148.83785114, -35.4227033794, 40.3780, 17.1011],
            [ -285.484946368, 498.502467183, -26.3550432127, 21.573907258, 19.9758781814, 64.773036532, -116.512185557, -53.4489088138, -50.0853, -25.0510],
            [ -27.6706237044, -26.3550432127, 532.385669546, -141.810955279, -101.563803464, 43.9046593196, -26.6337661113, -134.722294071, 54.6108, -88.3325],
            [ -129.048098397, 21.573907258, -141.810955279, 554.733014422, -81.6562007827, -193.881394129, -56.6375616358, 52.8409568473, 95.9432, -105.9847],
            [ -126.051019674, 19.9758781813, -101.563803464, -81.6562007827, 489.5760598, -153.304602998, -4.1240741733, 34.6960639338, -118.3040, 16.4598],
            [ -174.558924068, 64.773036532, 43.9046593196, -193.881394129, -153.304602998, 570.246631331, -139.184448387, -24.8070298346, -55.3758, -8.6404],
            [ 148.83785114, -116.512185557, -26.6337661113, -56.6375616358, -4.1240741733, -139.184448387, 344.770793942, -133.045241485, -52.5271, 40.2640],
            [ -35.4227033794, -53.4489088138, -134.722294071, 52.8409568473, 34.6960639338, -24.8070298346, -133.045241485, 363.551103641, -60.8457, -55.9613],
            [ 40.3780167129, -50.0853830939, 54.6108004356, 95.9432930951, -118.304035771, -55.3758251241, -52.5271985793, -60.8457770096, 327.1210, -173.0862],
            [ 17.1011300945, -25.0510073366, -88.332502878, -105.98471612, 16.4598530355, -8.64045738141, 40.2640450001, -55.9613159348, -173.0862, 316.7278]
        ]
        },
    "model":
        {
        "predictions":
            {
             "SM": [2.0866, 2.6379, 3.0165, 3.2319, 3.5100, 3.7882, 4.1034, 4.3360, 4.5570, 4.5780],
             "ctg-": [0.9784, 1.2535, 1.4452, 1.6530, 1.9210, 2.2517, 2.5838, 2.9345, 3.221, 3.3929],
             "ctg+": [3.9192, 5.0922, 5.7026, 6.1018, 6.5747, 7.0936, 7.5085, 7.7923, 8.0505, 8.1539]
            },
        "prior_limits":
            {
            "ctg": [-3.0,3.0]
            },
        "max_coeff_power":1,
        "c_i_benchmark":2,
        "cross_terms":"false"
        },
     "fit":
        {
            "n_walkers": 100,
            "n_burnin": 100,
            "n_total":  2000
        }
    }
}
